Workbook

Sheet Pipe Check
A1: Circular Pipe Capacity and Velocity (Manning's Equation)
A2: Ted Ngui, E.I.T. · tedn0405.github.io · Free to use under CC BY 4.0
A3: Edit the yellow cells (blue text). Everything else is calculated.
A5: Inputs
A6: Inside diameter, D | B6: 300 | C6: mm | D6: Use the actual inside diameter for the pipe material and class.
A7: Slope, S | B7: 0.5 | C7: % | D7: Pipe grade in percent (0.50 = 0.50%).
A8: Manning's roughness, n | B8: 0.013 | C8: - | D8: 0.013 is common for concrete and PVC storm sewers; use the value your municipality requires.
A9: Design flow, Q | B9: 50 | C9: L/s | D9: Peak design flow in the pipe. Leave 0 to see full-flow values only.
A10: Minimum velocity | B10: 0.75 | C10: m/s | D10: Set to the governing municipality's limit.
A11: Maximum velocity | B11: 4 | C11: m/s | D11: Set to the governing municipality's limit.
A13: Full-flow results
A14: Diameter, D | B14: =B6/1000 | C14: m
A15: Slope, S | B15: =B7/100 | C15: m/m
A16: Flow area, A | B16: =PI()*B14^2/4 | C16: m²
A17: Hydraulic radius, R = D/4 | B17: =B14/4 | C17: m
A18: Full-flow capacity, Qfull | B18: =1000*(1/B8)*B16*B17^(2/3)*SQRT(B15) | C18: L/s
A19: Full-flow velocity, Vfull | B19: =(B18/1000)/B16 | C19: m/s
A21: Design-flow results (partly full pipe)
A22: Q / Qfull | B22: =IF(B9>0,B9/B18,0) | C22: -
A23: Depth ratio, d/D | B23: =IF(B9<=0,"-",IF(B22>1,"Surcharged",INDEX('Partial Flow'!$A$5:$A$97,IFERROR(MATCH(B22,'Partial Flow'!$C$5:$C$97,1),0)+IF(ISNA(MATCH(B22,'Partial Flow'!$C$5:$C$97,0)),1,0)))) | C23: - | D23: Read from the Partial Flow tab: the smallest depth ratio (1% steps, up to 0.93) whose capacity meets Q/Qfull. Rounds depth up, so it is conservative.
A24: Flow depth, d | B24: =IF(ISNUMBER(B23),B23*B6,"-") | C24: mm
A25: Velocity at design flow, V | B25: =IF(B9<=0,"-",IF(B22>1,B9/1000/B16,INDEX('Partial Flow'!D5:D104,MATCH(B23,'Partial Flow'!A5:A104,0))*B19)) | C25: m/s | D25: If surcharged, this is Q divided by the full pipe area.
A26: Spare capacity | B26: =IF(B9>0,1-B22,"-") | C26: -
A28: Check
A29: Capacity | B29: =IF(B9<=0,"-",IF(B22<=1,"OK","Over capacity"))
A30: Velocity | B30: =IF(B9<=0,IF(B19<B10,"Below minimum (full flow)",IF(B19>B11,"Above maximum (full flow)","OK (full flow)")),IF(B25<B10,"Below minimum",IF(B25>B11,"Above maximum","OK")))
A33: Method and limits
A34: • Manning's equation, SI units: Q = (1/n) · A · R^(2/3) · S^(1/2).
A35: • Partial-flow values assume a constant n at all depths (the usual simplification).
A36: • Maximum capacity of a circular pipe occurs near d/D = 0.94 (about 1.08 × Qfull); this sheet treats Q above Qfull as surcharged.
A37: • For checking and preliminary design. Confirm diameters, n values and velocity limits against the governing municipal standard.
A38: • Provided as is, without warranty. Not a substitute for engineering judgement or a sealed design.

Sheet Partial Flow
A1: Partial-flow ratios for a circular pipe (constant n)
A2: θ is the central angle subtended by the water surface. Ratios are relative to the pipe flowing full.
A4: d/D | B4: θ (rad) | C4: Q/Qfull | D4: V/Vfull | E4: A/Afull | F4: R/Rfull
A5: 0.01 | B5: =2*ACOS(1-2*A5) | C5: =E5*D5 | D5: =F5^(2/3) | E5: =(B5-SIN(B5))/(2*PI()) | F5: =(1-SIN(B5)/B5)
A6: 0.02 | B6: =2*ACOS(1-2*A6) | C6: =E6*D6 | D6: =F6^(2/3) | E6: =(B6-SIN(B6))/(2*PI()) | F6: =(1-SIN(B6)/B6)
A7: 0.03 | B7: =2*ACOS(1-2*A7) | C7: =E7*D7 | D7: =F7^(2/3) | E7: =(B7-SIN(B7))/(2*PI()) | F7: =(1-SIN(B7)/B7)
A8: 0.04 | B8: =2*ACOS(1-2*A8) | C8: =E8*D8 | D8: =F8^(2/3) | E8: =(B8-SIN(B8))/(2*PI()) | F8: =(1-SIN(B8)/B8)
A9: 0.05 | B9: =2*ACOS(1-2*A9) | C9: =E9*D9 | D9: =F9^(2/3) | E9: =(B9-SIN(B9))/(2*PI()) | F9: =(1-SIN(B9)/B9)
A10: 0.06 | B10: =2*ACOS(1-2*A10) | C10: =E10*D10 | D10: =F10^(2/3) | E10: =(B10-SIN(B10))/(2*PI()) | F10: =(1-SIN(B10)/B10)
A11: 0.07 | B11: =2*ACOS(1-2*A11) | C11: =E11*D11 | D11: =F11^(2/3) | E11: =(B11-SIN(B11))/(2*PI()) | F11: =(1-SIN(B11)/B11)
A12: 0.08 | B12: =2*ACOS(1-2*A12) | C12: =E12*D12 | D12: =F12^(2/3) | E12: =(B12-SIN(B12))/(2*PI()) | F12: =(1-SIN(B12)/B12)
A13: 0.09 | B13: =2*ACOS(1-2*A13) | C13: =E13*D13 | D13: =F13^(2/3) | E13: =(B13-SIN(B13))/(2*PI()) | F13: =(1-SIN(B13)/B13)
A14: 0.1 | B14: =2*ACOS(1-2*A14) | C14: =E14*D14 | D14: =F14^(2/3) | E14: =(B14-SIN(B14))/(2*PI()) | F14: =(1-SIN(B14)/B14)
A15: 0.11 | B15: =2*ACOS(1-2*A15) | C15: =E15*D15 | D15: =F15^(2/3) | E15: =(B15-SIN(B15))/(2*PI()) | F15: =(1-SIN(B15)/B15)
A16: 0.12 | B16: =2*ACOS(1-2*A16) | C16: =E16*D16 | D16: =F16^(2/3) | E16: =(B16-SIN(B16))/(2*PI()) | F16: =(1-SIN(B16)/B16)
... A104: 1 | B104: =2*ACOS(1-2*A104) | C104: =E104*D104 | D104: =F104^(2/3) | E104: =(B104-SIN(B104))/(2*PI()) | F104: =(1-SIN(B104)/B104)

Sheet Pipe Schedule
A1: Pipe schedule: check several runs at once
A2: Edit the yellow columns. Row 5 is an example; replace it with your own pipes. Velocity limits come from the Pipe Check tab.
A4: Pipe / run | B4: From MH | C4: To MH | D4: D (mm) | E4: Slope (%) | F4: n | G4: Design Q (L/s) | H4: Qfull (L/s) | I4: Vfull (m/s) | J4: Q/Qfull | K4: d/D | L4: V at Q (m/s) | M4: Capacity | N4: Velocity
A5: STM-1 | B5: MH1 | C5: MH2 | D5: 300 | E5: 0.5 | F5: 0.013 | G5: 50 | H5: =IF(OR(D5="",E5="",F5=""),"",1000*(1/F5)*(PI()*(D5/1000)^2/4)*((D5/1000)/4)^(2/3)*SQRT(E5/100)) | I5: =IF(H5="","",(H5/1000)/(PI()*(D5/1000)^2/4)) | J5: =IF(OR(H5="",G5=""),"",G5/H5) | K5: =IF(J5="","",IF(J5>1,"Surch.",INDEX('Partial Flow'!$A$5:$A$97,IFERROR(MATCH(J5,'Partial Flow'!$C$5:$C$97,1),0)+IF(ISNA(MATCH(J5,'Partial Flow'!$C$5:$C$97,0)),1,0)))) | L5: =IF(J5="","",IF(J5>1,(G5/1000)/(PI()*(D5/1000)^2/4),INDEX('Partial Flow'!$D$5:$D$104,MATCH(K5,'Partial Flow'!$A$5:$A$104,0))*I5)) | M5: =IF(J5="","",IF(J5<=1,"OK","Over")) | N5: =IF(L5="","",IF(L5<'Pipe Check'!$B$10,"Low",IF(L5>'Pipe Check'!$B$11,"High","OK")))
H6: =IF(OR(D6="",E6="",F6=""),"",1000*(1/F6)*(PI()*(D6/1000)^2/4)*((D6/1000)/4)^(2/3)*SQRT(E6/100)) | I6: =IF(H6="","",(H6/1000)/(PI()*(D6/1000)^2/4)) | J6: =IF(OR(H6="",G6=""),"",G6/H6) | K6: =IF(J6="","",IF(J6>1,"Surch.",INDEX('Partial Flow'!$A$5:$A$97,IFERROR(MATCH(J6,'Partial Flow'!$C$5:$C$97,1),0)+IF(ISNA(MATCH(J6,'Partial Flow'!$C$5:$C$97,0)),1,0)))) | L6: =IF(J6="","",IF(J6>1,(G6/1000)/(PI()*(D6/1000)^2/4),INDEX('Partial Flow'!$D$5:$D$104,MATCH(K6,'Partial Flow'!$A$5:$A$104,0))*I6)) | M6: =IF(J6="","",IF(J6<=1,"OK","Over")) | N6: =IF(L6="","",IF(L6<'Pipe Check'!$B$10,"Low",IF(L6>'Pipe Check'!$B$11,"High","OK")))
H7: =IF(OR(D7="",E7="",F7=""),"",1000*(1/F7)*(PI()*(D7/1000)^2/4)*((D7/1000)/4)^(2/3)*SQRT(E7/100)) | I7: =IF(H7="","",(H7/1000)/(PI()*(D7/1000)^2/4)) | J7: =IF(OR(H7="",G7=""),"",G7/H7) | K7: =IF(J7="","",IF(J7>1,"Surch.",INDEX('Partial Flow'!$A$5:$A$97,IFERROR(MATCH(J7,'Partial Flow'!$C$5:$C$97,1),0)+IF(ISNA(MATCH(J7,'Partial Flow'!$C$5:$C$97,0)),1,0)))) | L7: =IF(J7="","",IF(J7>1,(G7/1000)/(PI()*(D7/1000)^2/4),INDEX('Partial Flow'!$D$5:$D$104,MATCH(K7,'Partial Flow'!$A$5:$A$104,0))*I7)) | M7: =IF(J7="","",IF(J7<=1,"OK","Over")) | N7: =IF(L7="","",IF(L7<'Pipe Check'!$B$10,"Low",IF(L7>'Pipe Check'!$B$11,"High","OK")))
H8: =IF(OR(D8="",E8="",F8=""),"",1000*(1/F8)*(PI()*(D8/1000)^2/4)*((D8/1000)/4)^(2/3)*SQRT(E8/100)) | I8: =IF(H8="","",(H8/1000)/(PI()*(D8/1000)^2/4)) | J8: =IF(OR(H8="",G8=""),"",G8/H8) | K8: =IF(J8="","",IF(J8>1,"Surch.",INDEX('Partial Flow'!$A$5:$A$97,IFERROR(MATCH(J8,'Partial Flow'!$C$5:$C$97,1),0)+IF(ISNA(MATCH(J8,'Partial Flow'!$C$5:$C$97,0)),1,0)))) | L8: =IF(J8="","",IF(J8>1,(G8/1000)/(PI()*(D8/1000)^2/4),INDEX('Partial Flow'!$D$5:$D$104,MATCH(K8,'Partial Flow'!$A$5:$A$104,0))*I8)) | M8: =IF(J8="","",IF(J8<=1,"OK","Over")) | N8: =IF(L8="","",IF(L8<'Pipe Check'!$B$10,"Low",IF(L8>'Pipe Check'!$B$11,"High","OK")))
H9: =IF(OR(D9="",E9="",F9=""),"",1000*(1/F9)*(PI()*(D9/1000)^2/4)*((D9/1000)/4)^(2/3)*SQRT(E9/100)) | I9: =IF(H9="","",(H9/1000)/(PI()*(D9/1000)^2/4)) | J9: =IF(OR(H9="",G9=""),"",G9/H9) | K9: =IF(J9="","",IF(J9>1,"Surch.",INDEX('Partial Flow'!$A$5:$A$97,IFERROR(MATCH(J9,'Partial Flow'!$C$5:$C$97,1),0)+IF(ISNA(MATCH(J9,'Partial Flow'!$C$5:$C$97,0)),1,0)))) | L9: =IF(J9="","",IF(J9>1,(G9/1000)/(PI()*(D9/1000)^2/4),INDEX('Partial Flow'!$D$5:$D$104,MATCH(K9,'Partial Flow'!$A$5:$A$104,0))*I9)) | M9: =IF(J9="","",IF(J9<=1,"OK","Over")) | N9: =IF(L9="","",IF(L9<'Pipe Check'!$B$10,"Low",IF(L9>'Pipe Check'!$B$11,"High","OK")))
H10: =IF(OR(D10="",E10="",F10=""),"",1000*(1/F10)*(PI()*(D10/1000)^2/4)*((D10/1000)/4)^(2/3)*SQRT(E10/100)) | I10: =IF(H10="","",(H10/1000)/(PI()*(D10/1000)^2/4)) | J10: =IF(OR(H10="",G10=""),"",G10/H10) | K10: =IF(J10="","",IF(J10>1,"Surch.",INDEX('Partial Flow'!$A$5:$A$97,IFERROR(MATCH(J10,'Partial Flow'!$C$5:$C$97,1),0)+IF(ISNA(MATCH(J10,'Partial Flow'!$C$5:$C$97,0)),1,0)))) | L10: =IF(J10="","",IF(J10>1,(G10/1000)/(PI()*(D10/1000)^2/4),INDEX('Partial Flow'!$D$5:$D$104,MATCH(K10,'Partial Flow'!$A$5:$A$104,0))*I10)) | M10: =IF(J10="","",IF(J10<=1,"OK","Over")) | N10: =IF(L10="","",IF(L10<'Pipe Check'!$B$10,"Low",IF(L10>'Pipe Check'!$B$11,"High","OK")))
H11: =IF(OR(D11="",E11="",F11=""),"",1000*(1/F11)*(PI()*(D11/1000)^2/4)*((D11/1000)/4)^(2/3)*SQRT(E11/100)) | I11: =IF(H11="","",(H11/1000)/(PI()*(D11/1000)^2/4)) | J11: =IF(OR(H11="",G11=""),"",G11/H11) | K11: =IF(J11="","",IF(J11>1,"Surch.",INDEX('Partial Flow'!$A$5:$A$97,IFERROR(MATCH(J11,'Partial Flow'!$C$5:$C$97,1),0)+IF(ISNA(MATCH(J11,'Partial Flow'!$C$5:$C$97,0)),1,0)))) | L11: =IF(J11="","",IF(J11>1,(G11/1000)/(PI()*(D11/1000)^2/4),INDEX('Partial Flow'!$D$5:$D$104,MATCH(K11,'Partial Flow'!$A$5:$A$104,0))*I11)) | M11: =IF(J11="","",IF(J11<=1,"OK","Over")) | N11: =IF(L11="","",IF(L11<'Pipe Check'!$B$10,"Low",IF(L11>'Pipe Check'!$B$11,"High","OK")))
H12: =IF(OR(D12="",E12="",F12=""),"",1000*(1/F12)*(PI()*(D12/1000)^2/4)*((D12/1000)/4)^(2/3)*SQRT(E12/100)) | I12: =IF(H12="","",(H12/1000)/(PI()*(D12/1000)^2/4)) | J12: =IF(OR(H12="",G12=""),"",G12/H12) | K12: =IF(J12="","",IF(J12>1,"Surch.",INDEX('Partial Flow'!$A$5:$A$97,IFERROR(MATCH(J12,'Partial Flow'!$C$5:$C$97,1),0)+IF(ISNA(MATCH(J12,'Partial Flow'!$C$5:$C$97,0)),1,0)))) | L12: =IF(J12="","",IF(J12>1,(G12/1000)/(PI()*(D12/1000)^2/4),INDEX('Partial Flow'!$D$5:$D$104,MATCH(K12,'Partial Flow'!$A$5:$A$104,0))*I12)) | M12: =IF(J12="","",IF(J12<=1,"OK","Over")) | N12: =IF(L12="","",IF(L12<'Pipe Check'!$B$10,"Low",IF(L12>'Pipe Check'!$B$11,"High","OK")))
H13: =IF(OR(D13="",E13="",F13=""),"",1000*(1/F13)*(PI()*(D13/1000)^2/4)*((D13/1000)/4)^(2/3)*SQRT(E13/100)) | I13: =IF(H13="","",(H13/1000)/(PI()*(D13/1000)^2/4)) | J13: =IF(OR(H13="",G13=""),"",G13/H13) | K13: =IF(J13="","",IF(J13>1,"Surch.",INDEX('Partial Flow'!$A$5:$A$97,IFERROR(MATCH(J13,'Partial Flow'!$C$5:$C$97,1),0)+IF(ISNA(MATCH(J13,'Partial Flow'!$C$5:$C$97,0)),1,0)))) | L13: =IF(J13="","",IF(J13>1,(G13/1000)/(PI()*(D13/1000)^2/4),INDEX('Partial Flow'!$D$5:$D$104,MATCH(K13,'Partial Flow'!$A$5:$A$104,0))*I13)) | M13: =IF(J13="","",IF(J13<=1,"OK","Over")) | N13: =IF(L13="","",IF(L13<'Pipe Check'!$B$10,"Low",IF(L13>'Pipe Check'!$B$11,"High","OK")))
H14: =IF(OR(D14="",E14="",F14=""),"",1000*(1/F14)*(PI()*(D14/1000)^2/4)*((D14/1000)/4)^(2/3)*SQRT(E14/100)) | I14: =IF(H14="","",(H14/1000)/(PI()*(D14/1000)^2/4)) | J14: =IF(OR(H14="",G14=""),"",G14/H14) | K14: =IF(J14="","",IF(J14>1,"Surch.",INDEX('Partial Flow'!$A$5:$A$97,IFERROR(MATCH(J14,'Partial Flow'!$C$5:$C$97,1),0)+IF(ISNA(MATCH(J14,'Partial Flow'!$C$5:$C$97,0)),1,0)))) | L14: =IF(J14="","",IF(J14>1,(G14/1000)/(PI()*(D14/1000)^2/4),INDEX('Partial Flow'!$D$5:$D$104,MATCH(K14,'Partial Flow'!$A$5:$A$104,0))*I14)) | M14: =IF(J14="","",IF(J14<=1,"OK","Over")) | N14: =IF(L14="","",IF(L14<'Pipe Check'!$B$10,"Low",IF(L14>'Pipe Check'!$B$11,"High","OK")))
H15: =IF(OR(D15="",E15="",F15=""),"",1000*(1/F15)*(PI()*(D15/1000)^2/4)*((D15/1000)/4)^(2/3)*SQRT(E15/100)) | I15: =IF(H15="","",(H15/1000)/(PI()*(D15/1000)^2/4)) | J15: =IF(OR(H15="",G15=""),"",G15/H15) | K15: =IF(J15="","",IF(J15>1,"Surch.",INDEX('Partial Flow'!$A$5:$A$97,IFERROR(MATCH(J15,'Partial Flow'!$C$5:$C$97,1),0)+IF(ISNA(MATCH(J15,'Partial Flow'!$C$5:$C$97,0)),1,0)))) | L15: =IF(J15="","",IF(J15>1,(G15/1000)/(PI()*(D15/1000)^2/4),INDEX('Partial Flow'!$D$5:$D$104,MATCH(K15,'Partial Flow'!$A$5:$A$104,0))*I15)) | M15: =IF(J15="","",IF(J15<=1,"OK","Over")) | N15: =IF(L15="","",IF(L15<'Pipe Check'!$B$10,"Low",IF(L15>'Pipe Check'!$B$11,"High","OK")))
H16: =IF(OR(D16="",E16="",F16=""),"",1000*(1/F16)*(PI()*(D16/1000)^2/4)*((D16/1000)/4)^(2/3)*SQRT(E16/100)) | I16: =IF(H16="","",(H16/1000)/(PI()*(D16/1000)^2/4)) | J16: =IF(OR(H16="",G16=""),"",G16/H16) | K16: =IF(J16="","",IF(J16>1,"Surch.",INDEX('Partial Flow'!$A$5:$A$97,IFERROR(MATCH(J16,'Partial Flow'!$C$5:$C$97,1),0)+IF(ISNA(MATCH(J16,'Partial Flow'!$C$5:$C$97,0)),1,0)))) | L16: =IF(J16="","",IF(J16>1,(G16/1000)/(PI()*(D16/1000)^2/4),INDEX('Partial Flow'!$D$5:$D$104,MATCH(K16,'Partial Flow'!$A$5:$A$104,0))*I16)) | M16: =IF(J16="","",IF(J16<=1,"OK","Over")) | N16: =IF(L16="","",IF(L16<'Pipe Check'!$B$10,"Low",IF(L16>'Pipe Check'!$B$11,"High","OK")))
H17: =IF(OR(D17="",E17="",F17=""),"",1000*(1/F17)*(PI()*(D17/1000)^2/4)*((D17/1000)/4)^(2/3)*SQRT(E17/100)) | I17: =IF(H17="","",(H17/1000)/(PI()*(D17/1000)^2/4)) | J17: =IF(OR(H17="",G17=""),"",G17/H17) | K17: =IF(J17="","",IF(J17>1,"Surch.",INDEX('Partial Flow'!$A$5:$A$97,IFERROR(MATCH(J17,'Partial Flow'!$C$5:$C$97,1),0)+IF(ISNA(MATCH(J17,'Partial Flow'!$C$5:$C$97,0)),1,0)))) | L17: =IF(J17="","",IF(J17>1,(G17/1000)/(PI()*(D17/1000)^2/4),INDEX('Partial Flow'!$D$5:$D$104,MATCH(K17,'Partial Flow'!$A$5:$A$104,0))*I17)) | M17: =IF(J17="","",IF(J17<=1,"OK","Over")) | N17: =IF(L17="","",IF(L17<'Pipe Check'!$B$10,"Low",IF(L17>'Pipe Check'!$B$11,"High","OK")))
... H34: =IF(OR(D34="",E34="",F34=""),"",1000*(1/F34)*(PI()*(D34/1000)^2/4)*((D34/1000)/4)^(2/3)*SQRT(E34/100)) | I34: =IF(H34="","",(H34/1000)/(PI()*(D34/1000)^2/4)) | J34: =IF(OR(H34="",G34=""),"",G34/H34) | K34: =IF(J34="","",IF(J34>1,"Surch.",INDEX('Partial Flow'!$A$5:$A$97,IFERROR(MATCH(J34,'Partial Flow'!$C$5:$C$97,1),0)+IF(ISNA(MATCH(J34,'Partial Flow'!$C$5:$C$97,0)),1,0)))) | L34: =IF(J34="","",IF(J34>1,(G34/1000)/(PI()*(D34/1000)^2/4),INDEX('Partial Flow'!$D$5:$D$104,MATCH(K34,'Partial Flow'!$A$5:$A$104,0))*I34)) | M34: =IF(J34="","",IF(J34<=1,"OK","Over")) | N34: =IF(L34="","",IF(L34<'Pipe Check'!$B$10,"Low",IF(L34>'Pipe Check'!$B$11,"High","OK")))
